[
  {
    "title": "Lab 1 Notebook",
    "filename": "Lab_1.ipynb",
    "preview_url": "https://jlfabillan.github.io/DSA-Labs/Lab_1.html",
    "category": "Python - Review",
    "size": "11 KB",
    "updated": "2025-10-25"
  },
  {
    "title": "Lab 2 Notebook",
    "filename": "Lab_2.ipynb",
    "preview_url": "https://jlfabillan.github.io/DSA-Labs/Lab_2.html",
    "category": "Python - List Comprehension",
    "size": "5 KB",
    "updated": "2025-10-26"
  },
  {
    "title": "Lab 4 Notebook",
    "filename": "Lab_4.ipynb",
    "preview_url": "https://jlfabillan.github.io/DSA-Labs/Lab_4.html",
    "category": "Python - Linked List",
    "size": "5 KB",
    "updated": "2025-10-28"
  }
]
